trade_id,entry_threshold,exit_threshold,roll_number,old_contract,new_contract,actual_roll_date,deferred_old_last_date,deferred_new_entry_date,delay_days,deferred_status,is_feasible
T001,1.75,2.25,1,NGH4,NGJ4,2024-02-22,2024-02-27,2024-02-28,6.0,FULLY_RECONCILED,True
T001,1.75,2.25,2,NGJ4,NGK4,2024-03-21,2024-03-26,2024-03-27,6.0,FULLY_RECONCILED,True
T001,1.75,2.25,3,NGK4,NGM4,2024-04-23,2024-04-26,2024-04-28,5.0,FULLY_RECONCILED,True
T002,1.75,2.5,1,NGH4,NGJ4,2024-02-22,2024-02-27,2024-02-28,6.0,FULLY_RECONCILED,True
T002,1.75,2.5,2,NGJ4,NGK4,2024-03-21,2024-03-26,2024-03-27,6.0,FULLY_RECONCILED,True
T002,1.75,2.5,3,NGK4,NGM4,2024-04-23,2024-04-26,2024-04-28,5.0,FULLY_RECONCILED,True
T003,1.75,2.75,1,NGH4,NGJ4,2024-02-22,2024-02-27,2024-02-28,6.0,FULLY_RECONCILED,True
T003,1.75,2.75,2,NGJ4,NGK4,2024-03-21,2024-03-26,2024-03-27,6.0,FULLY_RECONCILED,True
T003,1.75,2.75,3,NGK4,NGM4,2024-04-23,2024-04-26,2024-04-28,5.0,FULLY_RECONCILED,True
T004,1.75,3.0,1,NGH4,NGJ4,2024-02-22,2024-02-27,2024-02-28,6.0,FULLY_RECONCILED,True
T004,1.75,3.0,2,NGJ4,NGK4,2024-03-21,2024-03-26,2024-03-27,6.0,FULLY_RECONCILED,True
T004,1.75,3.0,3,NGK4,NGM4,2024-04-23,2024-04-26,2024-04-28,5.0,FULLY_RECONCILED,True
T004,1.75,3.0,4,NGM4,NGN4,2024-05-24,2024-05-29,2024-05-30,6.0,FULLY_RECONCILED,True
T005,2.0,2.25,1,NGH4,NGJ4,2024-02-22,2024-02-27,2024-02-28,6.0,FULLY_RECONCILED,True
T005,2.0,2.25,2,NGJ4,NGK4,2024-03-21,2024-03-26,2024-03-27,6.0,FULLY_RECONCILED,True
T005,2.0,2.25,3,NGK4,NGM4,2024-04-23,2024-04-26,2024-04-28,5.0,FULLY_RECONCILED,True
T006,2.0,2.25,1,NGU4,NGV4,2024-08-25,2024-08-28,2024-08-29,4.0,FULLY_RECONCILED,True
T007,2.0,2.5,1,NGH4,NGJ4,2024-02-22,2024-02-27,2024-02-28,6.0,FULLY_RECONCILED,True
T007,2.0,2.5,2,NGJ4,NGK4,2024-03-21,2024-03-26,2024-03-27,6.0,FULLY_RECONCILED,True
T007,2.0,2.5,3,NGK4,NGM4,2024-04-23,2024-04-26,2024-04-28,5.0,FULLY_RECONCILED,True
T008,2.0,2.5,1,NGU4,NGV4,2024-08-25,2024-08-28,2024-08-29,4.0,DEFERRED_INFEASIBLE_BEFORE_EXIT,False
T008,2.0,2.5,2,NGV4,NGX4,2024-09-23,,,,DEFERRED_INFEASIBLE_BEFORE_EXIT,False
T009,2.0,2.75,1,NGH4,NGJ4,2024-02-22,2024-02-27,2024-02-28,6.0,FULLY_RECONCILED,True
T009,2.0,2.75,2,NGJ4,NGK4,2024-03-21,2024-03-26,2024-03-27,6.0,FULLY_RECONCILED,True
T009,2.0,2.75,3,NGK4,NGM4,2024-04-23,2024-04-26,2024-04-28,5.0,FULLY_RECONCILED,True
T010,2.0,2.75,1,NGU4,NGV4,2024-08-25,2024-08-28,2024-08-29,4.0,DEFERRED_INFEASIBLE_BEFORE_EXIT,False
T010,2.0,2.75,2,NGV4,NGX4,2024-09-23,,,,DEFERRED_INFEASIBLE_BEFORE_EXIT,False
T011,2.0,3.0,1,NGH4,NGJ4,2024-02-22,2024-02-27,2024-02-28,6.0,FULLY_RECONCILED,True
T011,2.0,3.0,2,NGJ4,NGK4,2024-03-21,2024-03-26,2024-03-27,6.0,FULLY_RECONCILED,True
T011,2.0,3.0,3,NGK4,NGM4,2024-04-23,2024-04-26,2024-04-28,5.0,FULLY_RECONCILED,True
T011,2.0,3.0,4,NGM4,NGN4,2024-05-24,2024-05-29,2024-05-30,6.0,FULLY_RECONCILED,True
T012,2.0,3.0,1,NGU4,NGV4,2024-08-25,2024-08-28,2024-08-29,4.0,FULLY_RECONCILED,True
T012,2.0,3.0,2,NGV4,NGX4,2024-09-23,2024-09-26,2024-09-27,4.0,FULLY_RECONCILED,True
T012,2.0,3.0,3,NGX4,NGZ4,2024-10-25,2024-10-29,2024-10-30,5.0,FULLY_RECONCILED,True
T014,2.25,2.5,1,NGJ3,NGK3,2023-03-24,2023-03-29,2023-03-30,6.0,FULLY_RECONCILED,True
T014,2.25,2.5,2,NGK3,NGM3,2023-04-23,2023-04-26,2023-04-27,4.0,FULLY_RECONCILED,True
T016,2.25,2.5,1,NGH4,NGJ4,2024-02-22,2024-02-27,2024-02-28,6.0,FULLY_RECONCILED,True
T016,2.25,2.5,2,NGJ4,NGK4,2024-03-21,2024-03-26,2024-03-27,6.0,FULLY_RECONCILED,True
T016,2.25,2.5,3,NGK4,NGM4,2024-04-23,2024-04-26,2024-04-28,5.0,FULLY_RECONCILED,True
T017,2.25,2.5,1,NGQ4,NGU4,2024-07-24,2024-07-29,2024-07-30,6.0,DEFERRED_INFEASIBLE_BEFORE_EXIT,False
T017,2.25,2.5,2,NGU4,NGV4,2024-08-25,2024-08-28,2024-08-29,4.0,DEFERRED_INFEASIBLE_BEFORE_EXIT,False
T017,2.25,2.5,3,NGV4,NGX4,2024-09-23,,,,DEFERRED_INFEASIBLE_BEFORE_EXIT,False
T019,2.25,2.75,1,NGJ3,NGK3,2023-03-24,2023-03-29,2023-03-30,6.0,DEFERRED_INFEASIBLE_BEFORE_EXIT,False
T019,2.25,2.75,2,NGK3,NGM3,2023-04-23,2023-04-26,2023-04-27,4.0,DEFERRED_INFEASIBLE_BEFORE_EXIT,False
T019,2.25,2.75,3,NGM3,NGN3,2023-05-23,2023-05-26,2023-05-28,5.0,DEFERRED_INFEASIBLE_BEFORE_EXIT,False
T019,2.25,2.75,4,NGN3,NGQ3,2023-06-25,,,,DEFERRED_INFEASIBLE_BEFORE_EXIT,False
T020,2.25,2.75,1,NGH4,NGJ4,2024-02-22,2024-02-27,2024-02-28,6.0,FULLY_RECONCILED,True
T020,2.25,2.75,2,NGJ4,NGK4,2024-03-21,2024-03-26,2024-03-27,6.0,FULLY_RECONCILED,True
T020,2.25,2.75,3,NGK4,NGM4,2024-04-23,2024-04-26,2024-04-28,5.0,FULLY_RECONCILED,True
T021,2.25,2.75,1,NGQ4,NGU4,2024-07-24,2024-07-29,2024-07-30,6.0,DEFERRED_INFEASIBLE_BEFORE_EXIT,False
T021,2.25,2.75,2,NGU4,NGV4,2024-08-25,2024-08-28,2024-08-29,4.0,DEFERRED_INFEASIBLE_BEFORE_EXIT,False
T021,2.25,2.75,3,NGV4,NGX4,2024-09-23,,,,DEFERRED_INFEASIBLE_BEFORE_EXIT,False
T023,2.25,3.0,1,NGJ3,NGK3,2023-03-24,2023-03-29,2023-03-30,6.0,FULLY_RECONCILED,True
T023,2.25,3.0,2,NGK3,NGM3,2023-04-23,2023-04-26,2023-04-27,4.0,FULLY_RECONCILED,True
T023,2.25,3.0,3,NGM3,NGN3,2023-05-23,2023-05-26,2023-05-28,5.0,FULLY_RECONCILED,True
T023,2.25,3.0,4,NGN3,NGQ3,2023-06-25,2023-06-28,2023-06-29,4.0,FULLY_RECONCILED,True
T023,2.25,3.0,5,NGQ3,NGU3,2023-07-24,2023-07-27,2023-07-28,4.0,FULLY_RECONCILED,True
T023,2.25,3.0,6,NGU3,NGV3,2023-08-24,2023-08-29,2023-08-30,6.0,FULLY_RECONCILED,True
T023,2.25,3.0,7,NGV3,NGX3,2023-09-22,2023-09-27,2023-09-28,6.0,FULLY_RECONCILED,True
T024,2.25,3.0,1,NGH4,NGJ4,2024-02-22,2024-02-27,2024-02-28,6.0,FULLY_RECONCILED,True
T024,2.25,3.0,2,NGJ4,NGK4,2024-03-21,2024-03-26,2024-03-27,6.0,FULLY_RECONCILED,True
T024,2.25,3.0,3,NGK4,NGM4,2024-04-23,2024-04-26,2024-04-28,5.0,FULLY_RECONCILED,True
T024,2.25,3.0,4,NGM4,NGN4,2024-05-24,2024-05-29,2024-05-30,6.0,FULLY_RECONCILED,True
T025,2.25,3.0,1,NGQ4,NGU4,2024-07-24,2024-07-29,2024-07-30,6.0,FULLY_RECONCILED,True
T025,2.25,3.0,2,NGU4,NGV4,2024-08-25,2024-08-28,2024-08-29,4.0,FULLY_RECONCILED,True
T025,2.25,3.0,3,NGV4,NGX4,2024-09-23,2024-09-26,2024-09-27,4.0,FULLY_RECONCILED,True
T025,2.25,3.0,4,NGX4,NGZ4,2024-10-25,2024-10-29,2024-10-30,5.0,FULLY_RECONCILED,True
T026,2.5,2.75,1,NGH3,NGJ3,2023-02-20,2023-02-24,2023-02-26,6.0,FULLY_RECONCILED,True
T027,2.5,2.75,1,NGJ3,NGK3,2023-03-24,2023-03-29,2023-03-30,6.0,DEFERRED_INFEASIBLE_BEFORE_EXIT,False
T027,2.5,2.75,2,NGK3,NGM3,2023-04-23,2023-04-26,2023-04-27,4.0,DEFERRED_INFEASIBLE_BEFORE_EXIT,False
T027,2.5,2.75,3,NGM3,NGN3,2023-05-23,2023-05-26,2023-05-28,5.0,DEFERRED_INFEASIBLE_BEFORE_EXIT,False
T027,2.5,2.75,4,NGN3,NGQ3,2023-06-25,,,,DEFERRED_INFEASIBLE_BEFORE_EXIT,False
T029,2.5,2.75,1,NGU3,NGV3,2023-08-24,2023-08-29,2023-08-30,6.0,FULLY_RECONCILED,True
T030,2.5,2.75,1,NGF4,NGG4,2023-12-22,2023-12-27,2023-12-28,6.0,FULLY_RECONCILED,True
T031,2.5,2.75,1,NGG4,NGH4,2024-01-23,2024-01-29,2024-01-30,7.0,FULLY_RECONCILED,True
T031,2.5,2.75,2,NGH4,NGJ4,2024-02-22,2024-02-27,2024-02-28,6.0,FULLY_RECONCILED,True
T031,2.5,2.75,3,NGJ4,NGK4,2024-03-21,2024-03-26,2024-03-27,6.0,FULLY_RECONCILED,True
T031,2.5,2.75,4,NGK4,NGM4,2024-04-23,2024-04-26,2024-04-28,5.0,FULLY_RECONCILED,True
T032,2.5,2.75,1,NGQ4,NGU4,2024-07-24,2024-07-29,2024-07-30,6.0,DEFERRED_INFEASIBLE_BEFORE_EXIT,False
T032,2.5,2.75,2,NGU4,NGV4,2024-08-25,2024-08-28,2024-08-29,4.0,DEFERRED_INFEASIBLE_BEFORE_EXIT,False
T032,2.5,2.75,3,NGV4,NGX4,2024-09-23,,,,DEFERRED_INFEASIBLE_BEFORE_EXIT,False
T033,2.5,2.75,1,NGX4,NGZ4,2024-10-25,,,,DEFERRED_INFEASIBLE_BEFORE_EXIT,False
T034,2.5,3.0,1,NGH3,NGJ3,2023-02-20,2023-02-24,2023-02-26,6.0,FULLY_RECONCILED,True
T035,2.5,3.0,1,NGJ3,NGK3,2023-03-24,2023-03-29,2023-03-30,6.0,FULLY_RECONCILED,True
T035,2.5,3.0,2,NGK3,NGM3,2023-04-23,2023-04-26,2023-04-27,4.0,FULLY_RECONCILED,True
T035,2.5,3.0,3,NGM3,NGN3,2023-05-23,2023-05-26,2023-05-28,5.0,FULLY_RECONCILED,True
T035,2.5,3.0,4,NGN3,NGQ3,2023-06-25,2023-06-28,2023-06-29,4.0,FULLY_RECONCILED,True
T035,2.5,3.0,5,NGQ3,NGU3,2023-07-24,2023-07-27,2023-07-28,4.0,FULLY_RECONCILED,True
T035,2.5,3.0,6,NGU3,NGV3,2023-08-24,2023-08-29,2023-08-30,6.0,FULLY_RECONCILED,True
T035,2.5,3.0,7,NGV3,NGX3,2023-09-22,2023-09-27,2023-09-28,6.0,FULLY_RECONCILED,True
T036,2.5,3.0,1,NGF4,NGG4,2023-12-22,2023-12-27,2023-12-28,6.0,FULLY_RECONCILED,True
T037,2.5,3.0,1,NGG4,NGH4,2024-01-23,2024-01-29,2024-01-30,7.0,FULLY_RECONCILED,True
T037,2.5,3.0,2,NGH4,NGJ4,2024-02-22,2024-02-27,2024-02-28,6.0,FULLY_RECONCILED,True
T037,2.5,3.0,3,NGJ4,NGK4,2024-03-21,2024-03-26,2024-03-27,6.0,FULLY_RECONCILED,True
T037,2.5,3.0,4,NGK4,NGM4,2024-04-23,2024-04-26,2024-04-28,5.0,FULLY_RECONCILED,True
T037,2.5,3.0,5,NGM4,NGN4,2024-05-24,2024-05-29,2024-05-30,6.0,FULLY_RECONCILED,True
T038,2.5,3.0,1,NGQ4,NGU4,2024-07-24,2024-07-29,2024-07-30,6.0,FULLY_RECONCILED,True
T038,2.5,3.0,2,NGU4,NGV4,2024-08-25,2024-08-28,2024-08-29,4.0,FULLY_RECONCILED,True
T038,2.5,3.0,3,NGV4,NGX4,2024-09-23,2024-09-26,2024-09-27,4.0,FULLY_RECONCILED,True
T038,2.5,3.0,4,NGX4,NGZ4,2024-10-25,2024-10-29,2024-10-30,5.0,FULLY_RECONCILED,True
