trade_id,entry_threshold,exit_threshold,entry_date,entry_contract,entry_price,exit_signal_date,exit_date,exit_contract,exit_price,holding_days,trade_return,status,is_closed,entry_year,exit_year,entry_month,exit_month,win,loss,breakeven,capital_before,capital_after,dollar_pnl,cumulative_return
1,1.75,2.25,2024-02-14,NGH4,1.672,2024-05-09,2024-05-10,NGM4,2.311,86,0.3821770334928229,CLOSED,True,2024,2024,2024-02,2024-05,True,False,False,10000.0,13821.77033492823,3821.7703349282287,0.38217703349282295
2,1.75,2.5,2024-02-14,NGH4,1.672,2024-05-17,2024-05-20,NGM4,2.633,96,0.5747607655502394,CLOSED,True,2024,2024,2024-02,2024-05,True,False,False,10000.0,15747.607655502394,5747.607655502394,0.5747607655502394
3,1.75,2.75,2024-02-14,NGH4,1.672,2024-05-20,2024-05-21,NGM4,2.752,97,0.6459330143540669,CLOSED,True,2024,2024,2024-02,2024-05,True,False,False,10000.0,16459.33014354067,6459.330143540669,0.6459330143540669
4,1.75,3.0,2024-02-14,NGH4,1.672,2024-06-11,2024-06-12,NGN4,3.098,119,0.8528708133971292,CLOSED,True,2024,2024,2024-02,2024-06,True,False,False,10000.0,18528.708133971293,8528.708133971293,0.8528708133971292
5,2.0,2.25,2024-02-08,NGH4,1.967,2024-05-09,2024-05-10,NGM4,2.311,92,0.1748856126080324,CLOSED,True,2024,2024,2024-02,2024-05,True,False,False,10000.0,11748.856126080324,1748.856126080324,0.17488561260803248
6,2.0,2.25,2024-08-02,NGU4,1.978,2024-09-05,2024-09-06,NGV4,2.259,35,0.1420626895854397,CLOSED,True,2024,2024,2024-08,2024-09,True,False,False,11748.856126080324,13417.930226903663,1669.0741008233404,0.3417930226903667
7,2.0,2.5,2024-02-08,NGH4,1.967,2024-05-17,2024-05-20,NGM4,2.633,102,0.3385866802236907,CLOSED,True,2024,2024,2024-02,2024-05,True,False,False,10000.0,13385.866802236907,3385.866802236907,0.33858668022369076
8,2.0,2.5,2024-08-02,NGU4,1.978,2024-09-23,2024-09-24,NGX4,2.861,53,0.4464105156723965,CLOSED,True,2024,2024,2024-08,2024-09,True,False,False,13385.866802236907,19361.4585041455,5975.591701908591,0.9361458504145499
9,2.0,2.75,2024-02-08,NGH4,1.967,2024-05-20,2024-05-21,NGM4,2.752,103,0.3990849008642601,CLOSED,True,2024,2024,2024-02,2024-05,True,False,False,10000.0,13990.8490086426,3990.849008642601,0.3990849008642601
10,2.0,2.75,2024-08-02,NGU4,1.978,2024-09-24,2024-09-25,NGX4,2.818,54,0.4246713852376138,CLOSED,True,2024,2024,2024-08,2024-09,True,False,False,13990.8490086426,19932.36223779315,5941.513229150549,0.9932362237793151
11,2.0,3.0,2024-02-08,NGH4,1.967,2024-06-11,2024-06-12,NGN4,3.098,125,0.5749872902897812,CLOSED,True,2024,2024,2024-02,2024-06,True,False,False,10000.0,15749.872902897812,5749.872902897812,0.5749872902897812
12,2.0,3.0,2024-08-02,NGU4,1.978,2024-11-20,2024-11-21,NGZ4,3.205,111,0.6203235591506573,CLOSED,True,2024,2024,2024-08,2024-11,True,False,False,15749.872902897812,25519.890118193878,9770.017215296066,1.551989011819388
13,2.25,2.5,2023-02-22,NGJ3,2.184,2023-02-24,2023-02-27,NGJ3,2.621,5,0.200091575091575,CLOSED,True,2023,2023,2023-02,2023-02,True,False,False,10000.0,12000.91575091575,2000.9157509157499,0.20009157509157505
14,2.25,2.5,2023-03-21,NGJ3,2.247,2023-05-18,2023-05-19,NGM3,2.597,59,0.1557632398753894,CLOSED,True,2023,2023,2023-03,2023-05,True,False,False,12000.91575091575,13870.21726974998,1869.301518834229,0.38702172697499804
15,2.25,2.5,2023-06-02,NGN3,2.16,2023-06-15,2023-06-16,NGN3,2.553,14,0.1819444444444442,CLOSED,True,2023,2023,2023-06,2023-06,True,False,False,13870.21726974998,16393.826245218374,2523.6089754683953,0.6393826245218377
16,2.25,2.5,2024-01-26,NGH4,2.196,2024-05-17,2024-05-20,NGM4,2.633,115,0.1989981785063752,CLOSED,True,2024,2024,2024-01,2024-05,True,False,False,16393.826245218374,19656.16780676684,3262.3415615484646,0.9656167806766842
17,2.25,2.5,2024-07-16,NGQ4,2.164,2024-09-23,2024-09-24,NGX4,2.861,70,0.3220887245841035,CLOSED,True,2024,2024,2024-07,2024-09,True,False,False,19656.16780676684,25987.197825859486,6331.030019092646,1.598719782585949
18,2.25,2.75,2023-02-22,NGJ3,2.184,2023-03-01,2023-03-02,NGJ3,2.794,8,0.2793040293040292,CLOSED,True,2023,2023,2023-02,2023-03,True,False,False,10000.0,12793.040293040292,2793.040293040292,0.2793040293040292
19,2.25,2.75,2023-03-21,NGJ3,2.247,2023-06-26,2023-06-27,NGQ3,2.875,98,0.2794837561192702,CLOSED,True,2023,2023,2023-03,2023-06,True,False,False,12793.040293040292,16368.487246324363,3575.44695328407,0.6368487246324361
20,2.25,2.75,2024-01-26,NGH4,2.196,2024-05-20,2024-05-21,NGM4,2.752,116,0.2531876138433513,CLOSED,True,2024,2024,2024-01,2024-05,True,False,False,16368.487246324363,20512.78547444656,4144.298228122194,1.0512785474446553
21,2.25,2.75,2024-07-16,NGQ4,2.164,2024-09-24,2024-09-25,NGX4,2.818,71,0.3022181146025877,CLOSED,True,2024,2024,2024-07,2024-09,True,False,False,20512.78547444656,26712.120825781145,6199.335351334586,1.6712120825781138
22,2.25,3.0,2023-02-22,NGJ3,2.184,2023-03-03,2023-03-06,NGJ3,2.738,12,0.2536630036630036,CLOSED,True,2023,2023,2023-02,2023-03,True,False,False,10000.0,12536.630036630037,2536.630036630036,0.25366300366300365
23,2.25,3.0,2023-03-21,NGJ3,2.247,2023-10-05,2023-10-06,NGX3,3.18,199,0.4152202937249667,CLOSED,True,2023,2023,2023-03,2023-10,True,False,False,12536.630036630037,17742.0932427608,5205.463206130764,0.7742093242760801
24,2.25,3.0,2024-01-26,NGH4,2.196,2024-06-11,2024-06-12,NGN4,3.098,138,0.4107468123861564,CLOSED,True,2024,2024,2024-01,2024-06,True,False,False,17742.0932427608,25029.60148728276,7287.508244521963,1.5029601487282767
25,2.25,3.0,2024-07-16,NGQ4,2.164,2024-11-20,2024-11-21,NGZ4,3.205,128,0.4810536044362292,CLOSED,True,2024,2024,2024-07,2024-11,True,False,False,25029.60148728276,37070.181500342536,12040.580013059776,2.7070181500342545
26,2.5,2.75,2023-02-02,NGH3,2.51,2023-03-01,2023-03-02,NGJ3,2.794,28,0.1131474103585659,CLOSED,True,2023,2023,2023-02,2023-03,True,False,False,10000.0,11131.474103585659,1131.4741035856591,0.1131474103585659
27,2.5,2.75,2023-03-13,NGJ3,2.422,2023-06-26,2023-06-27,NGQ3,2.875,106,0.1870355078447563,CLOSED,True,2023,2023,2023-03,2023-06,True,False,False,11131.474103585659,13213.455015610556,2081.980912024897,0.32134550156105557
28,2.5,2.75,2023-08-03,NGU3,2.479,2023-08-08,2023-08-09,NGU3,2.792,6,0.1262605889471559,CLOSED,True,2023,2023,2023-08,2023-08,True,False,False,13213.455015610556,14881.793627908295,1668.3386122977397,0.48817936279082974
29,2.5,2.75,2023-08-24,NGU3,2.473,2023-08-30,2023-08-31,NGV3,2.797,7,0.1310149615851195,CLOSED,True,2023,2023,2023-08,2023-08,True,False,False,14881.793627908295,16831.531248386378,1949.7376204780815,0.683153124838638
30,2.5,2.75,2023-12-12,NGF4,2.443,2024-01-04,2024-01-05,NGG4,2.824,24,0.1559557920589438,CLOSED,True,2023,2024,2023-12,2024-01,True,False,False,16831.531248386378,19456.50603579334,2624.974787406961,0.9456506035793342
31,2.5,2.75,2024-01-23,NGG4,2.437,2024-05-20,2024-05-21,NGM4,2.752,119,0.1292572835453427,CLOSED,True,2024,2024,2024-01,2024-05,True,False,False,19456.50603579334,21971.401153263552,2514.895117470211,1.1971401153263552
32,2.5,2.75,2024-07-02,NGQ4,2.476,2024-09-24,2024-09-25,NGX4,2.818,85,0.1381260096930534,CLOSED,True,2024,2024,2024-07,2024-09,True,False,False,21971.401153263552,25006.223121929197,3034.8219686656457,1.5006223121929199
33,2.5,2.75,2024-10-15,NGX4,2.469,2024-10-28,2024-10-29,NGZ4,2.853,14,0.155528554070474,CLOSED,True,2024,2024,2024-10,2024-10,True,False,False,25006.223121929197,28895.4048468465,3889.1817249173023,1.8895404846846504
34,2.5,3.0,2023-02-02,NGH3,2.51,2023-03-03,2023-03-06,NGJ3,2.738,32,0.0908366533864541,CLOSED,True,2023,2023,2023-02,2023-03,True,False,False,10000.0,10908.36653386454,908.366533864541,0.09083665338645419
35,2.5,3.0,2023-03-13,NGJ3,2.422,2023-10-05,2023-10-06,NGX3,3.18,207,0.3129644921552437,CLOSED,True,2023,2023,2023-03,2023-10,True,False,False,10908.36653386454,14322.297926378713,3413.931392514172,0.4322297926378713
36,2.5,3.0,2023-12-12,NGF4,2.443,2024-01-09,2024-01-10,NGG4,3.183,29,0.3029062627916494,CLOSED,True,2023,2024,2023-12,2024-01,True,False,False,14322.297926378713,18660.611665846678,4338.313739467965,0.866061166584668
37,2.5,3.0,2024-01-23,NGG4,2.437,2024-06-11,2024-06-12,NGN4,3.098,141,0.2712351251538778,CLOSED,True,2024,2024,2024-01,2024-06,True,False,False,18660.611665846678,23722.025006480515,5061.413340633836,1.3722025006480516
38,2.5,3.0,2024-07-02,NGQ4,2.476,2024-11-20,2024-11-21,NGZ4,3.205,142,0.2944264943457189,CLOSED,True,2024,2024,2024-07,2024-11,True,False,False,23722.025006480515,30706.417667920054,6984.392661439537,2.070641766792005
