image_name,dice,iou,precision,recall,foreground_ratio,target_foreground_ratio,fg_ratio_error,failure_mode
cju5jz5fff8c50871hbe6108f.jpg,0.958318231243204,0.9199721642310368,0.9533326465437312,0.9633562356860296,0.1481170654296875,0.146575927734375,0.0015411376953125,mixed_or_reasonable
cju8doa16u5gh0818w1ywda3q.jpg,0.2797663187975908,0.1626327410366943,1.0,0.1626327410366943,0.118011474609375,0.7256317138671875,-0.6076202392578125,under_segmentation
cju7ea4om2l910801bohqjccy.jpg,0.4997703261368856,0.3331292100428659,0.3355953115360888,0.9784172661870504,0.1731414794921875,0.05938720703125,0.1137542724609375,over_segmentation
cju2wve9v7esz0878mxsdcy04.jpg,0.4681548745112877,0.3056150172896427,0.305942470947004,0.996510067114094,0.1851348876953125,0.0568389892578125,0.1282958984375,over_segmentation
ck2bxiswtxuw80838qkisqjwz.jpg,0.3437362181233299,0.2075371217342271,0.7468154661255777,0.2232443725569483,0.1353607177734375,0.45281982421875,-0.3174591064453125,under_segmentation
cju2yb31a8e8u0878wdashg7o.jpg,0.7169671888856045,0.5588065891026379,0.625169147496617,0.8403637938501516,0.2368011474609375,0.1761627197265625,0.060638427734375,mixed_or_reasonable
cju2lberzkdzm09938cl40pog.jpg,0.7786244626807347,0.6374980003199489,0.7204845416742,0.8469713071200851,0.2531890869140625,0.2153778076171875,0.037811279296875,mixed_or_reasonable
cju42qet0lsq90871e50xbnuv.jpg,0.6966323601484282,0.534486463257413,0.5434782608695652,0.969974653928641,0.139678955078125,0.0782623291015625,0.0614166259765625,mixed_or_reasonable
cju6z7e4bwgdd0987ogkzq9kt.jpg,0.687876460363019,0.5242467188366504,0.5745930978591207,0.856797583081571,0.2259368896484375,0.151519775390625,0.0744171142578125,mixed_or_reasonable
cju3umoh1geet0817cmpef5am.jpg,0.6049802938015049,0.4336715037883652,0.4480265339966832,0.9312008823934924,0.2300262451171875,0.1106719970703125,0.119354248046875,over_segmentation
cju5ca9hcatkc0801jzwe7tfx.jpg,0.8418314722633302,0.7268644002168357,0.8119377162629757,0.8740106155135487,0.1763916015625,0.1638641357421875,0.0125274658203125,mixed_or_reasonable
cju77bvg0yv4r0987yh60xmjo.jpg,0.6467354376428439,0.4779076136571115,0.4779512462339085,0.9998090145148968,0.1671295166015625,0.07989501953125,0.0872344970703125,over_segmentation
cju2sevf53lkx08558h5bpaig.jpg,0.7813478864597798,0.6411574540251206,0.7934675673903063,0.7695928753180662,0.2326507568359375,0.2398681640625,-0.0072174072265625,mixed_or_reasonable
cju30ywtc0oar0835bp2en7ec.jpg,0.728974234321828,0.5735322241346338,0.5842966619041434,0.9688778806805944,0.234954833984375,0.141693115234375,0.09326171875,mixed_or_reasonable
cju7d8m3b2e210755l8fj1yph.jpg,0.6298056401354543,0.4596469366562824,0.6483098013943406,0.6123284639220894,0.2604522705078125,0.2757568359375,-0.0153045654296875,mixed_or_reasonable
cju5vi4nxlc530817uoqm2m7a.jpg,0.9085363787319124,0.8324018877297565,0.939185875429132,0.8798241008138619,0.2177886962890625,0.23248291015625,-0.0146942138671875,mixed_or_reasonable
cju2saez63gxl08559ucjq3kt.jpg,0.0,0.0,0.0,0.0,0.006439208984375,0.1364898681640625,-0.1300506591796875,poor_prediction
cju1cdxvz48hw0801i0fjwcnk.jpg,0.6143464867243655,0.4433622697438069,0.4533939590776226,0.9524675915396862,0.1409454345703125,0.0670928955078125,0.0738525390625,over_segmentation
cju2yi9tz8vky0801yqip0xyl.jpg,0.6862378573836301,0.5223455868632207,0.7361120241930182,0.6426931465962576,0.2321014404296875,0.265838623046875,-0.0337371826171875,mixed_or_reasonable
cju3v3ac9gyz30755hfqwyp1i.jpg,0.6176392219557687,0.4468003084040092,0.4628594249201277,0.9279423538831064,0.15283203125,0.07623291015625,0.07659912109375,over_segmentation
cju310f6val1v0855xo8tc3gu.jpg,0.5695558526440879,0.3981671382953867,0.98687343156811,0.4002870938274827,0.2371368408203125,0.5846405029296875,-0.347503662109375,under_segmentation
cju84aoa3ktwn0755pfl4gfwd.jpg,0.7531283081349583,0.6040142807384187,0.9889506700883948,0.60811817823171,0.21405029296875,0.3480987548828125,-0.1340484619140625,mixed_or_reasonable
cjyzlw7f9faqr070129au64sq.jpg,0.837316529624222,0.7201586252478519,0.8209764918625678,0.8543202132664263,0.10125732421875,0.0973052978515625,0.0039520263671875,mixed_or_reasonable
cju85hguellg50818kwu3s8d1.jpg,0.5354792776854869,0.3656344833681977,0.62629321221297,0.4676665661742538,0.3023529052734375,0.4049072265625,-0.1025543212890625,mixed_or_reasonable
cju2tqfgw4oat0799rn0g5b2z.jpg,0.8002815060574071,0.66705773904299,0.682968682968683,0.9662539451323136,0.1778411865234375,0.125701904296875,0.0521392822265625,mixed_or_reasonable
cju1b75x63ddl0799sdp0i2j3.jpg,0.889521751939507,0.8010258224266006,0.8147148767763986,0.979455017301038,0.0848236083984375,0.070556640625,0.0142669677734375,mixed_or_reasonable
cju7fen322ou10817ziqkob4k.jpg,0.7549184609134699,0.6063204996737205,0.7209044557747728,0.7923011329029115,0.137664794921875,0.1252593994140625,0.0124053955078125,mixed_or_reasonable
cju7f5ghb2r5s0801chwkxxh9.jpg,0.8151655944722421,0.6879995978080539,0.9893009470107712,0.693157068328015,0.2110748291015625,0.3012542724609375,-0.090179443359375,mixed_or_reasonable
cju8828oxnool0801qno9luhr.jpg,0.8021635115456626,0.6696769711705454,0.7212869435091658,0.9034676663542645,0.244720458984375,0.19537353515625,0.049346923828125,mixed_or_reasonable
cju324q101fhe08350wae9cif.jpg,0.464266130506306,0.3023089740537967,0.589190443052656,0.383049313828985,0.0657806396484375,0.1011810302734375,-0.035400390625,mixed_or_reasonable
cju7avvi51iox0817ym55y6tt.jpg,0.7888005046080527,0.6512556417081357,0.9930736312701284,0.6542273374604005,0.3458709716796875,0.5250091552734375,-0.17913818359375,mixed_or_reasonable
cju2syxa93yw40799x2iuwabz.jpg,0.23770620581304,0.1348845502362485,0.1348845502362485,1.0,0.1711578369140625,0.0230865478515625,0.1480712890625,over_segmentation
cju5ufn3skquf0818dhapnhba.jpg,0.2823529411764706,0.1643835616438356,0.1643938917865895,0.99961788307222,0.2428131103515625,0.0399322509765625,0.202880859375,over_segmentation
cju7b10ce1mnm08011c5bwyr4.jpg,0.6083234244946493,0.4371155160628844,0.5569344654909645,0.670159811370186,0.2102508544921875,0.1747283935546875,0.0355224609375,mixed_or_reasonable
cju6z1bzbwfq50817b2alatvr.jpg,0.2949906111817796,0.1730140684950973,1.0,0.1730140684950973,0.074310302734375,0.42950439453125,-0.355194091796875,under_segmentation
cju2yo1j1v0qz09934o0e683p.jpg,0.7390274569431855,0.5860773583155552,0.9133420063602196,0.6205863576093896,0.21112060546875,0.3107147216796875,-0.0995941162109375,mixed_or_reasonable
cju35i2e63uxr0835h7zgkg9k.jpg,0.744213388198986,0.5926272674078409,0.6492307692307693,0.871750731623343,0.238037109375,0.177276611328125,0.060760498046875,mixed_or_reasonable
cju42wamblrqn098798r2yyok.jpg,0.9042379275653925,0.8252137487806278,0.8687851144807588,0.9427073090789904,0.2525787353515625,0.2327728271484375,0.019805908203125,mixed_or_reasonable
cju2okvco06xc0799kxe5n1qh.jpg,0.8071242397914856,0.6766205389657683,0.8181228273464658,0.7964174525109416,0.3292083740234375,0.3381805419921875,-0.00897216796875,mixed_or_reasonable
ck2bxlujamu330725szlc2jdu.jpg,0.4961759082217973,0.329942784488239,0.3300267073636017,0.999229880631498,0.1199798583984375,0.0396270751953125,0.080352783203125,over_segmentation
cju7dizi82h2i0755doucgnt3.jpg,0.4535926814104272,0.2933203147435529,0.2940295929529621,0.9918430763255,0.2650299072265625,0.0785675048828125,0.18646240234375,over_segmentation
cju5hwonqedw10801vsd3w6kk.jpg,0.7055388093443858,0.5450443894629603,0.551465174495656,0.9790849673202614,0.207244873046875,0.116729736328125,0.09051513671875,mixed_or_reasonable
cju2p4ddkmzxj0993p94o62av.jpg,0.5178166651554992,0.3493607389735119,0.3495531888848084,0.9984265734265734,0.249298095703125,0.0872802734375,0.162017822265625,over_segmentation
cju8aqq8uqmoq0987hphto9gg.jpg,0.7604032787821666,0.6134279526289111,0.7707271885132005,0.7503522913026324,0.2635498046875,0.2707061767578125,-0.0071563720703125,mixed_or_reasonable
cju6uzxk0v83p0801rcwnexdu.jpg,0.8653224218903793,0.7626152473480717,0.9764534145722265,0.7769024895217896,0.24041748046875,0.3021697998046875,-0.0617523193359375,mixed_or_reasonable
cju1cu1u2474n0878tt7v4tdr.jpg,0.2808295076776951,0.1633517495395948,0.183567880794702,0.5973063973063973,0.07373046875,0.0226593017578125,0.0510711669921875,poor_prediction
cju76o55nymqd0871h31sph9w.jpg,0.0,0.0,0.0,0.0,0.2315216064453125,0.007354736328125,0.2241668701171875,poor_prediction
cju7arvfe1ldu0850erdmphgj.jpg,0.8236982904867546,0.7002440647881074,0.7445152158527955,0.9217289719626168,0.1940460205078125,0.15673828125,0.0373077392578125,mixed_or_reasonable
cju8djdqztu6408506pzhlo18.jpg,0.7596153846153846,0.6124031007751938,0.6328322177109623,0.949925877120738,0.1390533447265625,0.0926361083984375,0.046417236328125,mixed_or_reasonable
cju2yg5ht8i4p087800js8hp4.jpg,0.9324121857832528,0.8733821924216435,0.901787151827403,0.965190418748923,0.189544677734375,0.177093505859375,0.012451171875,mixed_or_reasonable
cju7ae7bq1f820987toc8si1d.jpg,0.3694925112694489,0.226611968251137,0.2266726137377341,0.9988207547169812,0.171051025390625,0.038818359375,0.132232666015625,over_segmentation
cju2s2527pfyr0993l3h1149a.jpg,0.261164979828721,0.1501953760989905,0.1512047205376167,0.9574468085106383,0.186187744140625,0.0294036865234375,0.1567840576171875,over_segmentation
cju34c1xfyz920993itxkkfad.jpg,0.6831117224514749,0.518731720904322,0.7235172235172235,0.6469804875224364,0.23565673828125,0.2635345458984375,-0.0278778076171875,mixed_or_reasonable
cju353d1eda8c07992afde611.jpg,0.491943533437901,0.3262102874432678,0.438763830599008,0.5597923089404511,0.1199798583984375,0.0940399169921875,0.02593994140625,poor_prediction
cju2oi8sq0i2y0801mektzvw8.jpg,0.6168810707876098,0.4460072505398284,0.9949180255424456,0.4470256532443809,0.3452911376953125,0.76849365234375,-0.4232025146484375,under_segmentation
cju34uhepd3dd0799hs8782ad.jpg,0.1424405470899905,0.0766815548578251,0.0766815548578251,1.0,0.3450469970703125,0.026458740234375,0.3185882568359375,over_segmentation
cju87nkyrnb970801q84m47yt.jpg,0.7193922539510276,0.5617584745762711,0.6232957216737188,0.8505212510024057,0.12982177734375,0.0951385498046875,0.0346832275390625,mixed_or_reasonable
cju6xlygpw7bs0818n691jsq4.jpg,0.4904783377848694,0.3249230203593915,0.8917759838546923,0.3382613272092244,0.1209716796875,0.3189239501953125,-0.1979522705078125,under_segmentation
cju42dwedlmk60871jbgu4ehi.jpg,0.853495290034705,0.7444324324324324,0.7764997744700045,0.9474408365437534,0.202972412109375,0.166351318359375,0.03662109375,mixed_or_reasonable
cju8c9akjsdjj0850s67uzlxq.jpg,0.9029201817001948,0.8230214125162664,0.9593215664644236,0.8527825447413582,0.11065673828125,0.124481201171875,-0.013824462890625,mixed_or_reasonable
cju8c2rqzs5t80850d0zky5dy.jpg,0.597170024438831,0.4256895239210634,0.5227035772065433,0.6963789635022511,0.4244232177734375,0.318572998046875,0.1058502197265625,mixed_or_reasonable
cju1ffnjn6ctm08015perkg37.jpg,0.4501182541388948,0.2904210307276132,0.9155915154165756,0.2984106621053382,0.0697784423828125,0.2140960693359375,-0.144317626953125,under_segmentation
cju88z8bson4h0871nnd7fdxo.jpg,0.8590429376897499,0.7529143436391282,0.7770367464365111,0.9604008404719572,0.1166839599609375,0.0944061279296875,0.02227783203125,mixed_or_reasonable
cjyzk8qieoboa0848ogj51wwm.jpg,0.6790009638352261,0.5140056466706849,0.9996915103652516,0.5140871882733676,0.247314453125,0.480926513671875,-0.233612060546875,under_segmentation
cju88k75inzyb0850ccv5x3vk.jpg,0.593978141604389,0.4224529925033796,1.0,0.4224529925033796,0.1049041748046875,0.248321533203125,-0.1434173583984375,under_segmentation
cju1dg44i4z3w0801nyz4p6zf.jpg,0.0167851500789889,0.008463606492084,0.0089549093973872,0.1336477987421383,0.14483642578125,0.00970458984375,0.1351318359375,poor_prediction
cju2zpw4q9vzr0801p0lysjdl.jpg,0.0,0.0,0.0,0.0,0.0366058349609375,0.033538818359375,0.0030670166015625,poor_prediction
cju7fbndk2sl608015ravktum.jpg,0.6037589781084685,0.4324174470182356,0.4457640035564588,0.9352431712191872,0.240264892578125,0.1145172119140625,0.1257476806640625,over_segmentation
cju2tpfa5uyx408359datxqqj.jpg,0.4702533969886155,0.3074060737006361,0.3441510448162332,0.7422112737284452,0.2270965576171875,0.1053009033203125,0.121795654296875,over_segmentation
cju77re6fz5bb0817vp9redjg.jpg,0.8975965733322757,0.8142178730752626,0.8777536456717344,0.918357409511443,0.098358154296875,0.0940093994140625,0.0043487548828125,mixed_or_reasonable
cju1871y11d6r0799k6cw4yze.jpg,0.6704540205995104,0.5042729104425763,0.6383465259454706,0.7059624550141037,0.173492431640625,0.1568756103515625,0.0166168212890625,mixed_or_reasonable
cju1cqc7n4gpy0855jt246k68.jpg,0.574460474543937,0.4029775844764135,0.4039235412474849,0.9942220387948824,0.09100341796875,0.0369720458984375,0.0540313720703125,over_segmentation
cju7cq6su27qv075574dir0r3.jpg,0.8877937438398091,0.7982276119402985,0.8185383585230533,0.9698515244247988,0.159515380859375,0.1346282958984375,0.0248870849609375,mixed_or_reasonable
cju2r6mt2om21099352pny5gw.jpg,0.885763655563022,0.7949513224778151,0.8678109569715495,0.9044748321325295,0.3244781494140625,0.3113250732421875,0.013153076171875,mixed_or_reasonable
cju5wkonqlrl409877y8zvnub.jpg,0.9280678230027252,0.8657896860624646,0.9101552557902776,0.9466996117190256,0.1798553466796875,0.17291259765625,0.0069427490234375,mixed_or_reasonable
cju34ouumcznz07996gg1xq7v.jpg,0.8267396533134279,0.704651491587728,0.810999918639655,0.8431024274718768,0.1875457763671875,0.1804046630859375,0.00714111328125,mixed_or_reasonable
cju88t4fvokxf07558ymyh281.jpg,0.5760331322589358,0.4045270612038442,0.4271028037383177,0.8844346143212607,0.114288330078125,0.0551910400390625,0.0590972900390625,over_segmentation
cju8apjewqrk00801k5d71gky.jpg,0.5044666785778096,0.3373155725464428,0.4514710585225456,0.5715587044534413,0.19085693359375,0.1507568359375,0.04010009765625,poor_prediction
cju6vta3kvazg0817qbeppjtm.jpg,0.7282923393933071,0.5726884896217901,0.6176067241760672,0.8873140968603025,0.3449249267578125,0.240081787109375,0.1048431396484375,mixed_or_reasonable
cju6wuojavt740818b5qcv3iw.jpg,0.8501011122345804,0.7392833589799956,0.9896998234255444,0.7450155073105893,0.2073974609375,0.2755126953125,-0.068115234375,mixed_or_reasonable
cju85qefyln6v0850szeb9byi.jpg,0.6284436603827771,0.4581974813795579,0.657961427773721,0.6014606565101304,0.3552398681640625,0.38861083984375,-0.0333709716796875,mixed_or_reasonable
cju2zxja9w1eh09933609ho9z.jpg,0.3837465160627842,0.2374296605554547,0.2376237623762376,0.9965714285714286,0.1679840087890625,0.0400543212890625,0.1279296875,over_segmentation
cju5thdbrjp1108715xdfx356.jpg,0.3935234072509679,0.2449605609114811,0.2449605609114811,1.0,0.104461669921875,0.0255889892578125,0.0788726806640625,over_segmentation
cju1dfeupuzlw0835gnxip369.jpg,0.7633942893808149,0.6173303930470878,0.6173303930470878,1.0,0.1176300048828125,0.0726165771484375,0.045013427734375,mixed_or_reasonable
cju35fxqyzt5p0993vusm54qz.jpg,0.8021155830753354,0.669610165841051,0.7427138079311992,0.871845204711161,0.191619873046875,0.163238525390625,0.02838134765625,mixed_or_reasonable
cju2hdr06v2bq0799mbm3bks1.jpg,0.5909050378956754,0.4193507561855344,0.9827969746403676,0.4224517116083381,0.1028900146484375,0.2393646240234375,-0.136474609375,under_segmentation
cju5i5oh2efg60987ez6cpf72.jpg,0.8339329232911686,0.7151671974522293,0.7663922187619983,0.914528609244553,0.3576812744140625,0.29974365234375,0.0579376220703125,mixed_or_reasonable
cju42romflni20817etb9a0fl.jpg,0.7585825027685493,0.6110615521855486,0.6215344288738784,0.9731649565903708,0.1513519287109375,0.0966644287109375,0.0546875,mixed_or_reasonable
cju7dlk532dsh0871zvr6qz0r.jpg,0.8792743118858108,0.7845580066656086,0.9799781940727526,0.7973387096774194,0.1539459228515625,0.189208984375,-0.0352630615234375,mixed_or_reasonable
cju1819curo000988pd5xcqme.jpg,0.7122764028424405,0.5531283300350129,0.553381053914103,0.99917503093634,0.20037841796875,0.1109771728515625,0.0894012451171875,mixed_or_reasonable
cju84ffdzkrjn08183jh1fxmb.jpg,0.6456808199121523,0.4767567567567567,0.4956575048533769,0.9259400648978812,0.1493377685546875,0.0799407958984375,0.06939697265625,over_segmentation
cju2y8s56ymqr083541ggdsml.jpg,0.529316201447349,0.3599116288411327,0.3832608540671562,0.8552338530066815,0.2140350341796875,0.095916748046875,0.1181182861328125,over_segmentation
cju5ymyd8mmdc0801ry3by1xr.jpg,0.2910804442948502,0.1703301032064917,0.1734734815052555,0.903846153846154,0.1901702880859375,0.0364990234375,0.1536712646484375,over_segmentation
cju33belnbyhm0878yxl42233.jpg,0.6558457407859409,0.4879244597784637,0.7614054973080193,0.5759914255091104,0.0538482666015625,0.0711822509765625,-0.017333984375,under_segmentation
cju887ftknop008177nnjt46y.jpg,0.0,0.0,0.0,0.0,0.032501220703125,0.0385284423828125,-0.0060272216796875,poor_prediction
cju34i3qvcyog0855qiejxx5w.jpg,0.9227045676914364,0.8565009560229445,0.9142769670374528,0.9312889812889812,0.299041748046875,0.2935791015625,0.005462646484375,mixed_or_reasonable
cju1f5x1164xv08555654c24r.jpg,0.6996473354231975,0.5380442971221938,0.5865637319316689,0.8667475728155339,0.185791015625,0.125732421875,0.06005859375,mixed_or_reasonable
cju35k2fr3vc50988c85qkrwg.jpg,0.0,0.0,0.0,0.0,0.0,0.069183349609375,-0.069183349609375,poor_prediction
cju1euuc65wm00799m4sjdnnn.jpg,0.4626905118491763,0.3009742120343839,0.3009742120343839,1.0,0.1331329345703125,0.040069580078125,0.0930633544921875,over_segmentation
cjz14qsk2wci60794un9ozwmw.jpg,0.7012625414046373,0.5399571227914541,0.5413979690163813,0.9950953678474116,0.2058563232421875,0.11199951171875,0.0938568115234375,mixed_or_reasonable
cju32srle1xfq083575i3fl75.jpg,0.7620414386940533,0.6155629618895813,0.6239717978848414,0.9785763648928818,0.1038818359375,0.0662384033203125,0.0376434326171875,mixed_or_reasonable
cju7ey10f2rvf0871bwbi9x82.jpg,0.4850431926893696,0.3201696512723845,0.3423704898206007,0.8315789473684211,0.151397705078125,0.0623321533203125,0.0890655517578125,over_segmentation
cju2srvy5440s0801y1ba9akr.jpg,0.8778154578124209,0.782238058725362,0.9496249247111648,0.816102771634276,0.2786712646484375,0.3242645263671875,-0.04559326171875,mixed_or_reasonable
cju2nguelpmlj0835rojdn097.jpg,0.7456559363101419,0.5944588553452177,0.6085654556754619,0.9624698418371906,0.2700653076171875,0.1707611083984375,0.09930419921875,mixed_or_reasonable
cju8clorgsuwn08714toqb7v6.jpg,0.8360612109115103,0.7183034183148508,0.948520531400966,0.7474423031168214,0.10107421875,0.128265380859375,-0.027191162109375,mixed_or_reasonable
cju33231uy4gi0993qc7b1jch.jpg,0.436180904522613,0.2789203084832904,0.2989804353816478,0.8060921248142645,0.1661224365234375,0.061614990234375,0.1045074462890625,over_segmentation
cjyztzaqtrv430848l8xgcerw.jpg,0.6414436128377521,0.4721508940660162,0.5489036039947894,0.7715135794934391,0.2811279296875,0.20001220703125,0.08111572265625,mixed_or_reasonable
cju7bduyq1rjf08719giru9ho.jpg,0.4899371513311207,0.3244481855592966,0.3426680495875932,0.8591950464396285,0.3089447021484375,0.1232147216796875,0.18572998046875,over_segmentation
cju2nsmwjlzyl0993jl80chvz.jpg,0.3601047577477084,0.219590098482832,0.2197216858645715,0.99728014505893,0.2291717529296875,0.0504913330078125,0.178680419921875,over_segmentation
cju84dsvaklpx098750hp83x4.jpg,0.3237997300597725,0.1931748466257668,0.8986799857295754,0.1974756977108811,0.085540771484375,0.3892822265625,-0.303741455078125,under_segmentation
cju7etr3y2p4t0801cdzjj8ab.jpg,0.7399862142911848,0.587284220763433,0.6408861767046962,0.8753397354593223,0.115020751953125,0.0842132568359375,0.0308074951171875,mixed_or_reasonable
cju0s690hkp960855tjuaqvv0.jpg,0.319573317746767,0.1901739130434782,0.1956696788046882,0.8713147410358566,0.1705474853515625,0.038299560546875,0.1322479248046875,over_segmentation
cju892fesoq2g0801n0e0jyia.jpg,0.8626924654214666,0.7585393037435259,0.93359154361333,0.8018018018018018,0.1891021728515625,0.220184326171875,-0.0310821533203125,mixed_or_reasonable
cju84hibuktj80871u519o71q.jpg,0.6189037548554165,0.448125,0.448125,1.0,0.146484375,0.065643310546875,0.080841064453125,over_segmentation
cju2z6ez69g4u0801qwt088lw.jpg,0.6728775023567903,0.5070198896874478,0.7762779092828354,0.5937851724981649,0.2385101318359375,0.3118133544921875,-0.07330322265625,under_segmentation
cju5x7iskmad90818frchyfwd.jpg,0.4241371825482961,0.2691460055096418,0.3109484404837683,0.6668941979522184,0.383544921875,0.1788330078125,0.2047119140625,mixed_or_reasonable
cju41z76wlgbz0801qdetlvby.jpg,0.8654888435278384,0.7628738056830873,0.858659217877095,0.8724279835390947,0.1092529296875,0.1075286865234375,0.0017242431640625,mixed_or_reasonable
cju2t16vuucaq0835xcpsivn2.jpg,0.5716905635211738,0.4002567993463289,0.4579938560170963,0.7604790419161677,0.1142425537109375,0.0688018798828125,0.045440673828125,over_segmentation
cju3xwpgviwlx0871rwm15q7v.jpg,0.7845653661875428,0.645501900605378,0.6649746192893401,0.9566033799290632,0.1052093505859375,0.0731353759765625,0.032073974609375,mixed_or_reasonable
cjyzufihqquiw0a46jatrbwln.jpg,0.6515830194441616,0.4832207164697444,0.9955669622025198,0.4842626919875917,0.196197509765625,0.403350830078125,-0.2071533203125,under_segmentation
cju7bmi1v1pnj0987pa52jjok.jpg,0.7941787941787942,0.6586206896551724,0.6727411944869831,0.9691153761305978,0.19927978515625,0.138336181640625,0.060943603515625,mixed_or_reasonable
cju772304yw5t0818vbw8kkjf.jpg,0.7825510474675152,0.6427793509039424,0.8412200684150513,0.7315319781854239,0.05352783203125,0.061553955078125,-0.008026123046875,mixed_or_reasonable
cju7d7aut2a2p0818z4uxc6cd.jpg,0.2661164398840062,0.1534799948539817,0.153677701919361,0.9916874480465504,0.1184539794921875,0.0183563232421875,0.10009765625,over_segmentation
cju2rlqdnoz9k0993cpjae3x0.jpg,0.842059620596206,0.72720464332522,0.7319095477386934,0.991237771161208,0.242919921875,0.1793670654296875,0.0635528564453125,mixed_or_reasonable
cju5uxjnol2r509871qv2yeia.jpg,0.5257423045491691,0.3566149297856615,0.3699089602299952,0.9084490468345492,0.1592254638671875,0.0648345947265625,0.094390869140625,over_segmentation
cju160wshltz10993i1gmqxbe.jpg,0.6420807453416149,0.47284162378502,0.501364049712034,0.8926065839179709,0.0503387451171875,0.0282745361328125,0.022064208984375,mixed_or_reasonable
cju5yimthmlv80850zhoc90c2.jpg,0.1693911700347535,0.0925326958233722,0.1567039771374136,0.1843137254901961,0.0640716552734375,0.054473876953125,0.0095977783203125,poor_prediction
cju5clr68b48r0755cmuvponm.jpg,0.1370094543918026,0.0735427534588342,0.0989094791428353,0.2228522336769759,0.2000885009765625,0.08880615234375,0.1112823486328125,poor_prediction
cju2txjfzv60w098839dcimys.jpg,0.6211080094481426,0.4504399283656466,0.4602959898154042,0.9546204620462048,0.1917724609375,0.09246826171875,0.09930419921875,over_segmentation
cju2sxf3iqbpv09937iksn8ep.jpg,0.8607785842209444,0.7555849743504882,0.9689124668435012,0.7743576698041211,0.1438140869140625,0.1799468994140625,-0.0361328125,mixed_or_reasonable
cju1ewnoh5z030855vpex9uzt.jpg,0.4316666666666666,0.2752391073326248,0.2778052805280528,0.967528735632184,0.369873046875,0.106201171875,0.263671875,over_segmentation
cju16d65tzw9d0799ouslsw25.jpg,0.755883052056097,0.607565915170042,0.6143740340030912,0.9820877084620137,0.0789794921875,0.049407958984375,0.029571533203125,mixed_or_reasonable
cju16jgnyzp970878melv7r25.jpg,0.8145798553144129,0.6871655243639095,0.7251560487466561,0.9291608480385932,0.1540069580078125,0.1201934814453125,0.0338134765625,mixed_or_reasonable
cju3y21quj0ir0818kgjagr15.jpg,0.7525588622774719,0.6032820623916811,0.9268597104343484,0.633437588854137,0.183380126953125,0.2683258056640625,-0.0849456787109375,mixed_or_reasonable
cju5xjn5mm78b09871spyqhhr.jpg,0.6797107019321478,0.5148195194241558,0.5541187193801983,0.8789193096593476,0.267852783203125,0.1688690185546875,0.0989837646484375,mixed_or_reasonable
cju1egh885m1l0855ci1lt37c.jpg,0.0,0.0,0.0,0.0,0.0045623779296875,0.026702880859375,-0.0221405029296875,poor_prediction
cju5ktjwofed70817eg58ef7u.jpg,0.6969918580273999,0.5349098256379555,0.5391055132362923,0.9856591285162714,0.2023162841796875,0.11065673828125,0.0916595458984375,mixed_or_reasonable
cju8axq24r4an0755yhv9d4ly.jpg,0.2931823656950132,0.1717713479181369,0.1717713479181369,1.0,0.216217041015625,0.037139892578125,0.1790771484375,over_segmentation
cju7dwe282dc309876rco45ts.jpg,0.3825169147496617,0.2364889736639561,0.4529257194129334,0.331053543823488,0.2380828857421875,0.3257293701171875,-0.087646484375,poor_prediction
cju7ajnbo1gvm098749rdouk0.jpg,0.7840273461777502,0.6447738308203425,0.9520754716981132,0.6664025356576863,0.1617431640625,0.2310791015625,-0.0693359375,mixed_or_reasonable
cju1fj6axwfp30835ukhuzhw9.jpg,0.6707886979653461,0.5046516659454782,0.5502260664438765,0.8590105573287503,0.3881072998046875,0.24859619140625,0.1395111083984375,mixed_or_reasonable
cju7dsrtb2f8i085064kwugfk.jpg,0.8155214459905322,0.6885067215695774,0.6895924308588064,0.9977184977184976,0.12579345703125,0.086944580078125,0.038848876953125,mixed_or_reasonable
cju2i8br1vqtd08784u6vmcjk.jpg,0.725978150849883,0.5698317900389019,0.6435245343728729,0.8326661329063251,0.2465972900390625,0.190582275390625,0.0560150146484375,mixed_or_reasonable
cju2t62nq45jl0799odpufwx6.jpg,0.8885756477379514,0.7994926923541491,0.8070474913125648,0.9884267901142388,0.2502899169921875,0.2043609619140625,0.045928955078125,mixed_or_reasonable
cju2uzabhs6er0993x3aaf87p.jpg,0.4422340524890258,0.283889921458121,0.3262142611091974,0.6863313523699087,0.2214813232421875,0.1052703857421875,0.1162109375,mixed_or_reasonable
cju2z1nxlzaj40835wj81s1iy.jpg,0.8069802253210431,0.6764181469986132,0.9694302479651712,0.6911605937921728,0.161224365234375,0.22613525390625,-0.064910888671875,mixed_or_reasonable
cju7dxffn2eam0817qxosfwch.jpg,0.7360333662605641,0.5823202500868357,0.6461746001156292,0.8549209586945437,0.2375335693359375,0.179534912109375,0.0579986572265625,mixed_or_reasonable
cju15ptjtppz40988odsm9azx.jpg,0.37197139502615,0.2284796433488494,0.2380139325228794,0.850830078125,0.223419189453125,0.0625,0.160919189453125,over_segmentation
cju1gghyjwxt80835vx0wgxw0.jpg,0.8819504522217853,0.7888294879009566,0.9861929469703632,0.7976385233658155,0.1735076904296875,0.2145233154296875,-0.041015625,mixed_or_reasonable
cju6yywx1whbb0871ksgfgf9f.jpg,0.6166135909753333,0.4457276628950449,0.4457624473232402,0.9998249606161388,0.195526123046875,0.0871734619140625,0.1083526611328125,over_segmentation
